year,ticker,company_name,total_words,cost_count,cost_freq,efficiency_count,efficiency_freq,profit_count,profit_freq,resilience_count,resilience_freq,security_count,security_freq,risk_count,risk_freq,uncertainty_count,uncertainty_freq,diversification_count,diversification_freq,localization_count,localization_freq,flexibility_count,flexibility_freq,continuity_count,continuity_freq,critical_inputs_count,critical_inputs_freq,reconfiguration_count,reconfiguration_freq,de_risking_count,de_risking_freq,realignment_count,realignment_freq,volatility_count,volatility_freq
2007,AAL,AMR CORP,48075,182,3.79,0,0.0,10,0.21,0,0.0,26,0.54,49,1.02,8,0.17,1,0.02,0,0.0,5,0.1,1,0.02,0,0.0,0,0.0,0,0.0,0,0.0,13,0.27
2007,ABB,ABB LTD,97340,289,2.97,36,0.37,32,0.33,0,0.0,10,0.1,123,1.26,13,0.13,0,0.0,0,0.0,1,0.01,4,0.04,0,0.0,1,0.01,0,0.0,0,0.0,12,0.12
2007,ABT,ABBOTT LABORATORIES,44837,151,3.37,0,0.0,31,0.69,0,0.0,11,0.25,40,0.89,12,0.27,3,0.07,0,0.0,0,0.0,0,0.0,0,0.0,0,0.0,0,0.0,2,0.04,15,0.33
2007,ACER,"Opexa Therapeutics, Inc.",34788,40,1.15,1,0.03,2,0.06,0,0.0,9,0.26,20,0.57,13,0.37,0,0.0,0,0.0,1,0.03,0,0.0,0,0.0,0,0.0,0,0.0,0,0.0,14,0.4
2007,ACH,ALUMINUM CORP OF CHINA LTD,127569,246,1.93,16,0.13,143,1.12,0,0.0,26,0.2,92,0.72,15,0.12,0,0.0,0,0.0,2,0.02,7,0.05,0,0.0,0,0.0,0,0.0,0,0.0,3,0.02
2007,AEG,AEGON NV,151931,234,1.54,11,0.07,223,1.47,0,0.0,43,0.28,388,2.55,15,0.1,19,0.13,0,0.0,14,0.09,3,0.02,0,0.0,0,0.0,0,0.0,0,0.0,43,0.28
2007,AEP,AMERICAN ELECTRIC POWER CO INC,36695,188,5.12,3,0.08,6,0.16,0,0.0,9,0.25,45,1.23,7,0.19,0,0.0,0,0.0,1,0.03,0,0.0,0,0.0,0,0.0,0,0.0,2,0.05,12,0.33
2007,AES,AES CORP,119780,315,2.63,13,0.11,6,0.05,0,0.0,31,0.26,183,1.53,40,0.33,3,0.03,0,0.0,4,0.03,1,0.01,0,0.0,0,0.0,0,0.0,0,0.0,36,0.3
2007,AET,AETNA INC PA,13259,24,1.81,2,0.15,1,0.08,0,0.0,11,0.83,26,1.96,1,0.08,2,0.15,0,0.0,1,0.08,0,0.0,0,0.0,0,0.0,0,0.0,0,0.0,0,0.0
2007,AFL,AFLAC INC,52154,200,3.83,2,0.04,42,0.81,0,0.0,47,0.9,72,1.38,15,0.29,5,0.1,0,0.0,0,0.0,4,0.08,0,0.0,0,0.0,0,0.0,0,0.0,3,0.06
2007,AIG,AMERICAN INTERNATIONAL GROUP INC,157974,312,1.98,9,0.06,81,0.51,0,0.0,62,0.39,463,2.93,22,0.14,49,0.31,0,0.0,3,0.02,7,0.04,0,0.0,0,0.0,0,0.0,3,0.02,43,0.27
2007,ALL,ALLSTATE CORP,116152,374,3.22,5,0.04,74,0.64,0,0.0,57,0.49,309,2.66,46,0.4,15,0.13,0,0.0,1,0.01,5,0.04,0,0.0,0,0.0,0,0.0,0,0.0,21,0.18
2007,ALLY,GMAC LLC,116134,161,1.39,8,0.07,55,0.47,0,0.0,29,0.25,257,2.21,21,0.18,14,0.12,0,0.0,6,0.05,0,0.0,0,0.0,0,0.0,0,0.0,0,0.0,26,0.22
2007,AMGN,AMGEN INC,96956,177,1.83,4,0.04,25,0.26,0,0.0,18,0.19,105,1.08,14,0.14,0,0.0,0,0.0,2,0.02,0,0.0,0,0.0,0,0.0,0,0.0,0,0.0,11,0.11
2007,AMU,UBS AG,221964,269,1.21,50,0.23,307,1.38,3,0.01,61,0.27,1452,6.54,30,0.14,27,0.12,1,0.0,10,0.05,16,0.07,0,0.0,0,0.0,0,0.0,1,0.0,38,0.17
2007,AMX,AMERICA MOVIL SAB DE CV,102563,248,2.42,10,0.1,64,0.62,0,0.0,10,0.1,51,0.5,20,0.2,0,0.0,0,0.0,3,0.03,2,0.02,0,0.0,0,0.0,0,0.0,0,0.0,5,0.05
2007,AMZN,AMAZON COM INC,39858,142,3.56,10,0.25,28,0.7,0,0.0,14,0.35,55,1.38,19,0.48,1,0.03,0,0.0,3,0.08,1,0.03,0,0.0,0,0.0,0,0.0,0,0.0,4,0.1
2007,AN,AUTONATION INC FL,40445,75,1.85,3,0.07,71,1.76,0,0.0,5,0.12,44,1.09,18,0.45,3,0.07,0,0.0,1,0.02,0,0.0,0,0.0,0,0.0,0,0.0,0,0.0,5,0.12
2007,ARW,ARROW ELECTRONICS INC,46651,196,4.2,12,0.26,30,0.64,0,0.0,22,0.47,34,0.73,13,0.28,3,0.06,0,0.0,0,0.0,1,0.02,0,0.0,0,0.0,0,0.0,2,0.04,3,0.06
2007,AXP,AMERICAN EXPRESS CO,41164,67,1.63,7,0.17,17,0.41,0,0.0,44,1.07,114,2.77,7,0.17,1,0.02,0,0.0,9,0.22,1,0.02,0,0.0,0,0.0,0,0.0,1,0.02,0,0.0
2007,AZN,ASTRAZENECA PLC,6439,4,0.62,0,0.0,0,0.0,0,0.0,2,0.31,20,3.11,0,0.0,0,0.0,0,0.0,0,0.0,0,0.0,0,0.0,0,0.0,0,0.0,0,0.0,0,0.0
2007,Aspect,Series UBS Managed Futures LLC,18553,28,1.51,2,0.11,46,2.48,0,0.0,9,0.49,75,4.04,1,0.05,8,0.43,0,0.0,0,0.0,0,0.0,0,0.0,0,0.0,0,0.0,0,0.0,11,0.59
2007,BA,BOEING CO,57798,344,5.95,7,0.12,28,0.48,0,0.0,21,0.36,87,1.51,17,0.29,6,0.1,0,0.0,2,0.03,2,0.03,0,0.0,0,0.0,0,0.0,5,0.09,11,0.19
2007,BAC,BANK OF AMERICA CORP DE,130481,240,1.84,18,0.14,35,0.27,1,0.01,23,0.18,515,3.95,20,0.15,28,0.21,0,0.0,2,0.02,2,0.02,0,0.0,0,0.0,0,0.0,2,0.02,37,0.28
2007,BCS,BARCLAYS PLC,171114,230,1.34,17,0.1,282,1.65,0,0.0,65,0.38,1420,8.3,9,0.05,21,0.12,0,0.0,4,0.02,1,0.01,0,0.0,0,0.0,0,0.0,1,0.01,41,0.24
2007,BIP,Brookfield Infrastructure Partners L.P.,126912,285,2.25,2,0.02,35,0.28,0,0.0,16,0.13,168,1.32,17,0.13,4,0.03,0,0.0,3,0.02,1,0.01,0,0.0,0,0.0,0,0.0,0,0.0,6,0.05
2007,BP,BP PLC,142890,435,3.04,20,0.14,252,1.76,0,0.0,32,0.22,227,1.59,13,0.09,1,0.01,1,0.01,6,0.04,10,0.07,0,0.0,6,0.04,0,0.0,0,0.0,16,0.11
2007,BPT,BP PRUDHOE BAY ROYALTY TRUST,25998,68,2.62,1,0.04,7,0.27,0,0.0,8,0.31,24,0.92,8,0.31,0,0.0,0,0.0,0,0.0,0,0.0,0,0.0,0,0.0,0,0.0,0,0.0,1,0.04
2007,BRK-A,BERKSHIRE HATHAWAY INC,55442,113,2.04,2,0.04,7,0.13,0,0.0,19,0.34,126,2.27,21,0.38,5,0.09,0,0.0,0,0.0,0,0.0,0,0.0,0,0.0,0,0.0,0,0.0,16,0.29
2007,BSAC,BANCO SANTANDER CHILE,128874,113,0.88,13,0.1,20,0.16,0,0.0,31,0.24,418,3.24,9,0.07,1,0.01,0,0.0,0,0.0,6,0.05,0,0.0,0,0.0,0,0.0,0,0.0,23,0.18
2007,BYD,BOYD GAMING CORP,56127,183,3.26,0,0.0,14,0.25,0,0.0,11,0.2,45,0.8,18,0.32,2,0.04,1,0.02,2,0.04,0,0.0,0,0.0,0,0.0,0,0.0,0,0.0,6,0.11
2007,C,CITIGROUP INC,143575,184,1.28,1,0.01,10,0.07,0,0.0,41,0.29,483,3.36,29,0.2,16,0.11,0,0.0,4,0.03,4,0.03,0,0.0,0,0.0,0,0.0,0,0.0,16,0.11
2007,CAJ,CANON INC,65826,172,2.61,20,0.3,73,1.11,0,0.0,12,0.18,75,1.14,15,0.23,6,0.09,0,0.0,3,0.05,3,0.05,0,0.0,0,0.0,0,0.0,0,0.0,1,0.02
2007,CAT,CATERPILLAR INC,14593,15,1.03,0,0.0,8,0.55,0,0.0,11,0.75,33,2.26,7,0.48,2,0.14,0,0.0,2,0.14,1,0.07,0,0.0,0,0.0,0,0.0,0,0.0,2,0.14
2007,CBD,BRAZILIAN DISTRIBUTION CO COMPANHIA BRASILEIRA DE DISTR CBD,101814,92,0.9,10,0.1,135,1.33,0,0.0,29,0.28,85,0.83,13,0.13,1,0.01,0,0.0,0,0.0,2,0.02,0,0.0,0,0.0,0,0.0,0,0.0,13,0.13
2007,CBRE,CB RICHARD ELLIS GROUP INC,77394,287,3.71,8,0.1,28,0.36,0,0.0,16,0.21,58,0.75,16,0.21,14,0.18,1,0.01,8,0.1,2,0.03,0,0.0,0,0.0,0,0.0,0,0.0,10,0.13
2007,CCZ,COMCAST CORP,51895,96,1.85,4,0.08,7,0.13,0,0.0,15,0.29,38,0.73,29,0.56,0,0.0,0,0.0,1,0.02,0,0.0,0,0.0,0,0.0,0,0.0,0,0.0,10,0.19
2007,CDR,CEDAR SHOPPING CENTERS INC,37253,155,4.16,0,0.0,3,0.08,0,0.0,13,0.35,43,1.15,3,0.08,1,0.03,0,0.0,2,0.05,0,0.0,0,0.0,0,0.0,0,0.0,0,0.0,1,0.03
2007,CHTR,CHARTER COMMUNICATIONS INC MO,78259,166,2.12,3,0.04,45,0.58,0,0.0,30,0.38,35,0.45,14,0.18,0,0.0,0,0.0,1,0.01,0,0.0,0,0.0,0,0.0,0,0.0,0,0.0,3,0.04
2007,CLR,CONTINENTAL RESOURCES INC,42209,180,4.26,5,0.12,2,0.05,0,0.0,8,0.19,50,1.18,19,0.45,0,0.0,1,0.02,0,0.0,1,0.02,0,0.0,0,0.0,0,0.0,0,0.0,10,0.24
2007,CMI,CUMMINS INC,59538,174,2.92,1,0.02,6,0.1,0,0.0,12,0.2,63,1.06,24,0.4,5,0.08,0,0.0,3,0.05,2,0.03,0,0.0,0,0.0,0,0.0,0,0.0,12,0.2
2007,CMP,COMPASS MINERALS INTERNATIONAL INC,47095,154,3.27,5,0.11,24,0.51,0,0.0,9,0.19,73,1.55,26,0.55,0,0.0,0,0.0,1,0.02,2,0.04,0,0.0,0,0.0,0,0.0,0,0.0,7,0.15
2007,CMS,CMS ENERGY CORP,114559,537,4.69,26,0.23,7,0.06,0,0.0,28,0.24,146,1.27,81,0.71,14,0.12,0,0.0,8,0.07,4,0.03,0,0.0,0,0.0,0,0.0,0,0.0,15,0.13
2007,CNC,CENTENE CORP,41579,176,4.23,10,0.24,27,0.65,0,0.0,18,0.43,58,1.39,14,0.34,9,0.22,4,0.1,2,0.05,2,0.05,0,0.0,1,0.02,0,0.0,2,0.05,4,0.1
2007,CODI,Compass Diversified Holdings,78559,206,2.62,27,0.34,71,0.9,0,0.0,11,0.14,74,0.94,14,0.18,147,1.87,0,0.0,6,0.08,1,0.01,0,0.0,0,0.0,0,0.0,0,0.0,1,0.01
2007,COF,CAPITAL ONE FINANCIAL CORP,75183,137,1.82,17,0.23,16,0.21,2,0.03,18,0.24,266,3.54,15,0.2,14,0.19,0,0.0,6,0.08,1,0.01,0,0.0,0,0.0,0,0.0,0,0.0,12,0.16
2007,COOP,"WASHINGTON MUTUAL, INC",97515,164,1.68,27,0.28,30,0.31,0,0.0,27,0.28,451,4.62,20,0.21,6,0.06,0,0.0,1,0.01,7,0.07,0,0.0,0,0.0,0,0.0,0,0.0,18,0.18
2007,COP,CONOCOPHILLIPS,94411,362,3.83,8,0.08,17,0.18,0,0.0,11,0.12,81,0.86,22,0.23,0,0.0,0,0.0,3,0.03,1,0.01,0,0.0,0,0.0,0,0.0,0,0.0,7,0.07
2007,COTRP,STRUCTURED PRODUCTS CORTS TRUST FOR JC PENNEY DEBENTURES,1585,0,0.0,0,0.0,0,0.0,0,0.0,4,2.52,1,0.63,0,0.0,0,0.0,0,0.0,0,0.0,0,0.0,0,0.0,0,0.0,0,0.0,0,0.0,0,0.0
2007,CQP,"Cheniere Energy Partners, L.P.",50613,167,3.3,2,0.04,5,0.1,0,0.0,22,0.43,57,1.13,2,0.04,2,0.04,0,0.0,2,0.04,0,0.0,0,0.0,0,0.0,0,0.0,0,0.0,4,0.08
2007,CRH,CRH PUBLIC LTD CO,93139,292,3.14,21,0.23,43,0.46,3,0.03,21,0.23,106,1.14,9,0.1,2,0.02,0,0.0,3,0.03,1,0.01,0,0.0,0,0.0,0,0.0,0,0.0,8,0.09
2007,CS,CREDIT SUISSE GROUP,178365,279,1.56,30,0.17,51,0.29,1,0.01,27,0.15,792,4.44,18,0.1,38,0.21,0,0.0,3,0.02,10,0.06,0,0.0,0,0.0,0,0.0,13,0.07,57,0.32
2007,CTA-PA,DUPONT E I DE NEMOURS & CO,56675,208,3.67,5,0.09,8,0.14,0,0.0,29,0.51,80,1.41,22,0.39,4,0.07,0,0.0,1,0.02,2,0.04,0,0.0,0,0.0,0,0.0,2,0.04,7,0.12
2007,CVX,CHEVRON CORP,72708,226,3.11,8,0.11,12,0.17,0,0.0,9,0.12,50,0.69,32,0.44,5,0.07,0,0.0,2,0.03,3,0.04,0,0.0,0,0.0,0,0.0,0,0.0,14,0.19
2007,CYH,COMMUNITY HEALTH SYSTEMS INC,65777,147,2.23,2,0.03,32,0.49,0,0.0,19,0.29,42,0.64,5,0.08,2,0.03,0,0.0,0,0.0,1,0.02,0,0.0,0,0.0,0,0.0,0,0.0,9,0.14
2007,DAL,DELTA AIR LINES INC DE,62589,164,2.62,1,0.02,17,0.27,0,0.0,21,0.34,66,1.05,13,0.21,2,0.03,0,0.0,2,0.03,0,0.0,0,0.0,0,0.0,0,0.0,0,0.0,12,0.19
2007,DAN,DANA HOLDING CORP,97648,273,2.8,3,0.03,25,0.26,0,0.0,34,0.35,47,0.48,22,0.23,4,0.04,0,0.0,1,0.01,0,0.0,0,0.0,0,0.0,0,0.0,41,0.42,5,0.05
2007,DB,DEUTSCHE BANK AKTIENGESELLSCHAFT,159662,191,1.2,6,0.04,318,1.99,1,0.01,16,0.1,1150,7.2,19,0.12,19,0.12,0,0.0,0,0.0,4,0.03,0,0.0,0,0.0,0,0.0,1,0.01,23,0.14
2007,DHR,DANAHER CORP DE,56864,198,3.48,3,0.05,82,1.44,0,0.0,11,0.19,73,1.28,35,0.62,2,0.04,0,0.0,1,0.02,0,0.0,0,0.0,0,0.0,0,0.0,0,0.0,6,0.11
2007,DUK,Duke Energy CORP,177989,653,3.67,70,0.39,31,0.17,0,0.0,36,0.2,192,1.08,47,0.26,18,0.1,0,0.0,7,0.04,4,0.02,0,0.0,0,0.0,0,0.0,0,0.0,24,0.13
2007,DYN,DYNEGY INC.,106781,245,2.29,18,0.17,13,0.12,0,0.0,25,0.23,163,1.53,20,0.19,5,0.05,0,0.0,4,0.04,0,0.0,0,0.0,0,0.0,0,0.0,0,0.0,29,0.27
2007,E,ENI SPA,182949,401,2.19,46,0.25,291,1.59,0,0.0,21,0.11,303,1.66,42,0.23,3,0.02,1,0.01,27,0.15,11,0.06,0,0.0,0,0.0,0,0.0,0,0.0,9,0.05
2007,ED,CONSOLIDATED EDISON INC,73944,378,5.11,12,0.16,4,0.05,0,0.0,7,0.09,77,1.04,22,0.3,1,0.01,0,0.0,0,0.0,2,0.03,0,0.0,0,0.0,0,0.0,0,0.0,6,0.08
2007,EIX,EDISON INTERNATIONAL,35601,95,2.67,4,0.11,2,0.06,0,0.0,14,0.39,98,2.75,6,0.17,0,0.0,0,0.0,3,0.08,1,0.03,0,0.0,0,0.0,0,0.0,0,0.0,15,0.42
2007,EPD,ENTERPRISE PRODUCTS PARTNERS L P,123261,284,2.3,3,0.02,37,0.3,0,0.0,20,0.16,115,0.93,16,0.13,4,0.03,0,0.0,6,0.05,1,0.01,0,0.0,0,0.0,0,0.0,0,0.0,16,0.13
2007,ERIC,ERICSSON LM TELEPHONE CO,94278,245,2.6,34,0.36,67,0.71,1,0.01,42,0.45,245,2.6,6,0.06,1,0.01,0,0.0,12,0.13,8,0.08,0,0.0,0,0.0,0,0.0,0,0.0,11,0.12
2007,ETP-PC,SUNOCO LOGISTICS PARTNERS LP,74338,204,2.74,7,0.09,8,0.11,0,0.0,10,0.13,39,0.52,9,0.12,3,0.04,0,0.0,3,0.04,1,0.01,0,0.0,2,0.03,0,0.0,0,0.0,5,0.07
2007,F,FORD MOTOR CO,91816,350,3.81,14,0.15,44,0.48,0,0.0,15,0.16,162,1.76,15,0.16,3,0.03,0,0.0,8,0.09,2,0.02,0,0.0,0,0.0,0,0.0,2,0.02,15,0.16
2007,FE,FIRSTENERGY CORP,54083,166,3.07,6,0.11,5,0.09,0,0.0,51,0.94,57,1.05,14,0.26,3,0.06,0,0.0,1,0.02,0,0.0,0,0.0,0,0.0,0,0.0,0,0.0,8,0.15
2007,FLR,FLUOR CORP,43737,201,4.6,4,0.09,69,1.58,0,0.0,20,0.46,64,1.46,19,0.43,2,0.05,0,0.0,1,0.02,0,0.0,0,0.0,0,0.0,0,0.0,0,0.0,3,0.07
2007,FMS,Fresenius Medical Care AG & Co. KGaA,112006,171,1.53,9,0.08,52,0.46,0,0.0,19,0.17,91,0.81,11,0.1,1,0.01,0,0.0,5,0.04,6,0.05,0,0.0,0,0.0,0,0.0,0,0.0,6,0.05
2007,FNMAH,FEDERAL NATIONAL MORTGAGE ASSOCIATION FANNIE MAE,153056,323,2.11,8,0.05,32,0.21,0,0.0,75,0.49,654,4.27,22,0.14,18,0.12,0,0.0,8,0.05,2,0.01,0,0.0,0,0.0,0,0.0,0,0.0,48,0.31
2007,FUN,CEDAR FAIR L P,23520,52,2.21,1,0.04,7,0.3,0,0.0,5,0.21,25,1.06,9,0.38,0,0.0,0,0.0,0,0.0,1,0.04,0,0.0,0,0.0,0,0.0,0,0.0,0,0.0
2007,GD,GENERAL DYNAMICS CORP,47004,161,3.43,7,0.15,26,0.55,0,0.0,30,0.64,56,1.19,13,0.28,3,0.06,0,0.0,4,0.09,8,0.17,0,0.0,0,0.0,0,0.0,0,0.0,5,0.11
2007,GILD,GILEAD SCIENCES INC,72335,154,2.13,0,0.0,18,0.25,0,0.0,8,0.11,85,1.18,27,0.37,2,0.03,0,0.0,1,0.01,4,0.06,0,0.0,0,0.0,0,0.0,0,0.0,12,0.17
2007,GOLDMAN,SACHS CAPITAL I CABCO SERIES 2004-101 TRUST,1583,0,0.0,0,0.0,0,0.0,0,0.0,4,2.53,4,2.53,0,0.0,0,0.0,0,0.0,0,0.0,0,0.0,0,0.0,0,0.0,0,0.0,0,0.0,0,0.0
2007,GSBC,GREAT SOUTHERN BANCORP INC,71302,93,1.3,12,0.17,7,0.1,0,0.0,43,0.6,146,2.05,12,0.17,7,0.1,0,0.0,2,0.03,2,0.03,0,0.0,0,0.0,0,0.0,0,0.0,15,0.21
2007,GSK,GLAXOSMITHKLINE PLC,120437,276,2.29,20,0.17,200,1.66,1,0.01,12,0.1,175,1.45,6,0.05,2,0.02,0,0.0,5,0.04,7,0.06,0,0.0,0,0.0,0,0.0,0,0.0,6,0.05
2007,HAL,HALLIBURTON CO,49189,120,2.44,5,0.1,22,0.45,0,0.0,20,0.41,65,1.32,15,0.3,4,0.08,0,0.0,0,0.0,3,0.06,0,0.0,0,0.0,0,0.0,3,0.06,16,0.33
2007,HES,HESS CORP,40185,152,3.78,1,0.02,4,0.1,0,0.0,8,0.2,66,1.64,7,0.17,1,0.02,0,0.0,0,0.0,0,0.0,0,0.0,0,0.0,0,0.0,0,0.0,7,0.17
2007,HON,HONEYWELL INTERNATIONAL INC,55839,236,4.23,7,0.13,39,0.7,0,0.0,29,0.52,74,1.33,32,0.57,4,0.07,0,0.0,1,0.02,2,0.04,0,0.0,0,0.0,0,0.0,0,0.0,12,0.21
2007,HSBC,HSBC HOLDINGS PLC,274683,580,2.11,110,0.4,564,2.05,2,0.01,53,0.19,1050,3.82,40,0.15,20,0.07,0,0.0,7,0.03,5,0.02,0,0.0,0,0.0,0,0.0,4,0.01,53,0.19
2007,HUM,HUMANA INC,55222,227,4.11,7,0.13,19,0.34,0,0.0,10,0.18,155,2.81,12,0.22,3,0.05,0,0.0,2,0.04,2,0.04,0,0.0,0,0.0,0,0.0,0,0.0,6,0.11
2007,HWM,ALCOA INC,22627,48,2.12,2,0.09,5,0.22,0,0.0,9,0.4,8,0.35,4,0.18,1,0.04,0,0.0,5,0.22,1,0.04,0,0.0,0,0.0,0,0.0,0,0.0,2,0.09
2007,IBM,INTERNATIONAL BUSINESS MACHINES CORP,14066,13,0.92,8,0.57,3,0.21,0,0.0,14,1.0,30,2.13,0,0.0,1,0.07,0,0.0,5,0.36,4,0.28,0,0.0,0,0.0,0,0.0,0,0.0,6,0.43
2007,ING,ING GROEP NV,175512,272,1.55,21,0.12,775,4.42,2,0.01,72,0.41,1492,8.5,23,0.13,75,0.43,0,0.0,7,0.04,11,0.06,0,0.0,0,0.0,0,0.0,0,0.0,35,0.2
2007,IP,INTERNATIONAL PAPER CO NEW,65484,268,4.09,4,0.06,57,0.87,0,0.0,15,0.23,50,0.76,22,0.34,1,0.02,0,0.0,7,0.11,7,0.11,0,0.0,0,0.0,0,0.0,1,0.02,10,0.15
2007,JBK,LEHMAN ABS CORP GOLDMAN SACHS CAP 1 SEC BACKED SER 2004-6,1505,0,0.0,0,0.0,0,0.0,0,0.0,3,1.99,2,1.33,0,0.0,0,0.0,0,0.0,0,0.0,0,0.0,0,0.0,0,0.0,0,0.0,0,0.0,0,0.0
2007,KEP,KOREA ELECTRIC POWER CORP,113314,395,3.49,29,0.26,55,0.49,0,0.0,53,0.47,90,0.79,15,0.13,3,0.03,0,0.0,0,0.0,5,0.04,0,0.0,0,0.0,0,0.0,0,0.0,5,0.04
2007,KKPNF,KONINKLIJKE KPN N V,124640,297,2.38,19,0.15,164,1.32,0,0.0,39,0.31,228,1.83,9,0.07,0,0.0,0,0.0,14,0.11,18,0.14,0,0.0,0,0.0,0,0.0,0,0.0,8,0.06
2007,KODK,EASTMAN KODAK CO,61643,328,5.32,6,0.1,67,1.09,0,0.0,20,0.32,37,0.6,27,0.44,3,0.05,0,0.0,1,0.02,7,0.11,0,0.0,0,0.0,0,0.0,3,0.05,5,0.08
2007,KSU,KANSAS CITY SOUTHERN,67505,206,3.05,7,0.1,32,0.47,0,0.0,41,0.61,40,0.59,13,0.19,0,0.0,0,0.0,4,0.06,0,0.0,0,0.0,0,0.0,0,0.0,0,0.0,7,0.1
2007,KT,KT CORP,119371,253,2.12,4,0.03,16,0.13,0,0.0,24,0.2,59,0.49,17,0.14,0,0.0,0,0.0,0,0.0,2,0.02,0,0.0,0,0.0,0,0.0,0,0.0,5,0.04
2007,L,LOEWS CORP,132095,414,3.13,2,0.02,28,0.21,0,0.0,30,0.23,342,2.59,79,0.6,10,0.08,1,0.01,4,0.03,1,0.01,0,0.0,0,0.0,0,0.0,3,0.02,37,0.28
2007,LAD,LITHIA MOTORS INC,49433,90,1.82,4,0.08,77,1.56,0,0.0,9,0.18,58,1.17,6,0.12,0,0.0,0,0.0,1,0.02,0,0.0,0,0.0,0,0.0,0,0.0,0,0.0,5,0.1
2007,LEA,LEAR CORP,76525,328,4.29,6,0.08,67,0.88,0,0.0,15,0.2,47,0.61,19,0.25,1,0.01,0,0.0,3,0.04,1,0.01,0,0.0,0,0.0,0,0.0,4,0.05,4,0.05
2007,LFC,CHINA LIFE INSURANCE CO LTD,123930,184,1.48,1,0.01,178,1.44,0,0.0,18,0.15,302,2.44,25,0.2,10,0.08,0,0.0,3,0.02,3,0.02,0,0.0,0,0.0,0,0.0,0,0.0,8,0.06
2007,LMT,LOCKHEED MARTIN CORP,61810,267,4.32,5,0.08,115,1.86,0,0.0,61,0.99,55,0.89,13,0.21,3,0.05,0,0.0,4,0.06,3,0.05,0,0.0,0,0.0,0,0.0,13,0.21,6,0.1
2007,LNG,CHENIERE ENERGY INC,69289,318,4.59,2,0.03,7,0.1,0,0.0,18,0.26,70,1.01,21,0.3,0,0.0,0,0.0,3,0.04,0,0.0,0,0.0,0,0.0,0,0.0,0,0.0,20,0.29
2007,LPL,"LG Display Co., Ltd.",84048,181,2.15,18,0.21,23,0.27,0,0.0,6,0.07,54,0.64,13,0.15,3,0.04,2,0.02,19,0.23,0,0.0,1,0.01,0,0.0,0,0.0,0,0.0,7,0.08
2007,LYG,LLOYDS TSB GROUP PLC,127778,258,2.02,22,0.17,432,3.38,0,0.0,28,0.22,681,5.33,27,0.21,4,0.03,0,0.0,7,0.05,4,0.03,0,0.0,0,0.0,0,0.0,0,0.0,118,0.92
2007,MAS,MASCO CORP DE,43655,105,2.41,0,0.0,82,1.88,0,0.0,5,0.11,40,0.92,13,0.3,1,0.02,1,0.02,0,0.0,0,0.0,0,0.0,0,0.0,0,0.0,0,0.0,11,0.25
2007,MET,METLIFE INC,191193,575,3.01,3,0.02,103,0.54,0,0.0,63,0.33,355,1.86,46,0.24,19,0.1,1,0.01,11,0.06,4,0.02,0,0.0,0,0.0,0,0.0,10,0.05,50,0.26
2007,MMM,3M CO,55729,163,2.92,8,0.14,4,0.07,0,0.0,78,1.4,45,0.81,13,0.23,7,0.13,0,0.0,11,0.2,0,0.0,0,0.0,0,0.0,0,0.0,0,0.0,12,0.22
2007,MO,"ALTRIA GROUP, INC.",30235,73,2.41,1,0.03,9,0.3,0,0.0,7,0.23,22,0.73,9,0.3,0,0.0,0,0.0,0,0.0,0,0.0,0,0.0,0,0.0,0,0.0,0,0.0,0,0.0
2007,MOH,MOLINA HEALTHCARE INC,54915,269,4.9,7,0.13,24,0.44,0,0.0,24,0.44,54,0.98,20,0.36,1,0.02,0,0.0,7,0.13,1,0.02,0,0.0,0,0.0,0,0.0,0,0.0,8,0.15
2007,MRO,MARATHON OIL CORP,80646,290,3.6,5,0.06,15,0.19,0,0.0,21,0.26,91,1.13,25,0.31,2,0.02,0,0.0,3,0.04,0,0.0,0,0.0,0,0.0,0,0.0,0,0.0,13,0.16
2007,MSI,MOTOROLA INC,81720,317,3.88,12,0.15,20,0.24,0,0.0,32,0.39,101,1.24,23,0.28,3,0.04,0,0.0,3,0.04,1,0.01,0,0.0,0,0.0,0,0.0,10,0.12,17,0.21
2007,MT,ArcelorMittal,147392,346,2.35,16,0.11,48,0.33,0,0.0,25,0.17,101,0.69,19,0.13,15,0.1,0,0.0,7,0.05,69,0.47,0,0.0,0,0.0,0,0.0,2,0.01,25,0.17
2007,MTLQU,GENERAL MOTORS CORP,153544,530,3.45,15,0.1,81,0.53,0,0.0,33,0.21,191,1.24,59,0.38,4,0.03,0,0.0,13,0.08,0,0.0,0,0.0,0,0.0,0,0.0,0,0.0,17,0.11
2007,MUR,MURPHY OIL CORP DE,56679,355,6.26,1,0.02,11,0.19,0,0.0,14,0.25,53,0.94,19,0.34,0,0.0,0,0.0,0,0.0,0,0.0,0,0.0,0,0.0,0,0.0,0,0.0,14,0.25
2007,NBL,NOBLE ENERGY INC,60858,270,4.44,0,0.0,7,0.12,0,0.0,8,0.13,79,1.3,18,0.3,5,0.08,0,0.0,3,0.05,0,0.0,0,0.0,0,0.0,0,0.0,0,0.0,19,0.31
2007,NFLX,NETFLIX INC,36235,130,3.59,9,0.25,15,0.41,0,0.0,8,0.22,29,0.8,12,0.33,0,0.0,0,0.0,3,0.08,1,0.03,0,0.0,0,0.0,0,0.0,0,0.0,23,0.63
2007,NOC,NORTHROP GRUMMAN CORP DE,62543,301,4.81,6,0.1,46,0.74,0,0.0,46,0.74,59,0.94,26,0.42,1,0.02,0,0.0,0,0.0,2,0.03,0,0.0,0,0.0,0,0.0,14,0.22,4,0.06
2007,NOK,NOKIA CORP,111086,298,2.68,43,0.39,253,2.28,0,0.0,52,0.47,181,1.63,12,0.11,3,0.03,0,0.0,11,0.1,6,0.05,0,0.0,0,0.0,0,0.0,1,0.01,13,0.12
2007,NROM,NOBLE ROMANS INC,21192,33,1.56,0,0.0,2,0.09,0,0.0,7,0.33,21,0.99,6,0.28,0,0.0,0,0.0,0,0.0,0,0.0,0,0.0,0,0.0,0,0.0,0,0.0,3,0.14
2007,NSC,NORFOLK SOUTHERN CORP,40107,124,3.09,4,0.1,2,0.05,0,0.0,43,1.07,34,0.85,12,0.3,0,0.0,0,0.0,1,0.02,0,0.0,0,0.0,0,0.0,0,0.0,0,0.0,6,0.15
2007,NUE,NUCOR CORP,9225,26,2.82,1,0.11,1,0.11,0,0.0,6,0.65,23,2.49,3,0.33,2,0.22,0,0.0,0,0.0,1,0.11,0,0.0,0,0.0,0,0.0,0,0.0,5,0.54
2007,NVO,NOVO NORDISK A S,13825,7,0.51,1,0.07,20,1.45,0,0.0,4,0.29,33,2.39,3,0.22,0,0.0,0,0.0,1,0.07,0,0.0,0,0.0,0,0.0,0,0.0,0,0.0,1,0.07
2007,NVS,NOVARTIS AG,120394,224,1.86,12,0.1,31,0.26,0,0.0,14,0.12,186,1.54,23,0.19,3,0.02,1,0.01,4,0.03,7,0.06,0,0.0,0,0.0,0,0.0,0,0.0,11,0.09
2007,ORAN,FRANCE TELECOM ,204280,431,2.11,4,0.02,153,0.75,0,0.0,45,0.22,241,1.18,14,0.07,6,0.03,4,0.02,14,0.07,6,0.03,0,0.0,0,0.0,0,0.0,0,0.0,15,0.07
2007,OXY,OCCIDENTAL PETROLEUM CORP DE,56842,252,4.43,0,0.0,11,0.19,0,0.0,14,0.25,60,1.06,7,0.12,4,0.07,0,0.0,1,0.02,0,0.0,0,0.0,0,0.0,0,0.0,0,0.0,12,0.21
2007,PAA,PLAINS ALL AMERICAN PIPELINE LP,120749,290,2.4,6,0.05,81,0.67,0,0.0,18,0.15,175,1.45,30,0.25,0,0.0,0,0.0,11,0.09,0,0.0,0,0.0,0,0.0,0,0.0,0,0.0,39,0.32
2007,PCAR,PACCAR INC,5827,5,0.86,0,0.0,0,0.0,0,0.0,5,0.86,12,2.06,0,0.0,0,0.0,1,0.17,0,0.0,1,0.17,0,0.0,0,0.0,0,0.0,0,0.0,0,0.0
2007,PCBK,PACIFIC CONTINENTAL CORP,33410,59,1.77,2,0.06,10,0.3,0,0.0,11,0.33,71,2.13,6,0.18,1,0.03,0,0.0,2,0.06,2,0.06,0,0.0,0,0.0,0,0.0,0,0.0,5,0.15
2007,PEG,PUBLIC SERVICE ENTERPRISE GROUP INC,119800,441,3.68,36,0.3,14,0.12,0,0.0,25,0.21,144,1.2,35,0.29,3,0.03,0,0.0,2,0.02,3,0.03,0,0.0,0,0.0,0,0.0,1,0.01,21,0.18
2007,PFE,PFIZER INC,15340,19,1.24,1,0.07,0,0.0,0,0.0,4,0.26,25,1.63,8,0.52,0,0.0,0,0.0,0,0.0,0,0.0,0,0.0,0,0.0,0,0.0,0,0.0,0,0.0
2007,PGR,PROGRESSIVE CORPOH,21811,32,1.47,1,0.05,6,0.28,0,0.0,19,0.87,71,3.26,12,0.55,0,0.0,0,0.0,0,0.0,0,0.0,0,0.0,0,0.0,0,0.0,0,0.0,3,0.14
2007,PJH,PRUDENTIAL FINANCIAL INC,179388,502,2.8,1,0.01,126,0.7,0,0.0,69,0.38,292,1.63,21,0.12,16,0.09,0,0.0,6,0.03,4,0.02,0,0.0,0,0.0,0,0.0,0,0.0,13,0.07
2007,PKX,POSCO,81220,190,2.34,8,0.1,33,0.41,0,0.0,29,0.36,46,0.57,15,0.18,9,0.11,0,0.0,0,0.0,8,0.1,0,0.0,0,0.0,0,0.0,0,0.0,3,0.04
2007,PNC,PNC FINANCIAL SERVICES GROUP INC,92354,156,1.69,9,0.1,11,0.12,0,0.0,24,0.26,383,4.15,16,0.17,16,0.17,0,0.0,3,0.03,2,0.02,0,0.0,1,0.01,0,0.0,0,0.0,12,0.13
2007,PUK,PRUDENTIAL PLC,199321,388,1.95,24,0.12,1332,6.68,2,0.01,50,0.25,896,4.5,27,0.14,32,0.16,0,0.0,31,0.16,11,0.06,0,0.0,1,0.01,0,0.0,0,0.0,42,0.21
2007,QNBC,QNB CORP,47043,97,2.06,4,0.09,6,0.13,0,0.0,18,0.38,113,2.4,9,0.19,3,0.06,0,0.0,1,0.02,2,0.04,0,0.0,0,0.0,0,0.0,0,0.0,8,0.17
2007,RBS,ROYAL BANK OF SCOTLAND GROUP PLC,128147,276,2.15,21,0.16,250,1.95,1,0.01,45,0.35,561,4.38,27,0.21,14,0.11,0,0.0,6,0.05,2,0.02,0,0.0,0,0.0,0,0.0,0,0.0,15,0.12
2007,RDS-A,Royal Dutch Shell plc,126834,239,1.88,39,0.31,39,0.31,0,0.0,41,0.32,154,1.21,14,0.11,1,0.01,0,0.0,8,0.06,21,0.17,0,0.0,0,0.0,0,0.0,0,0.0,17,0.13
2007,RIO,RIO TINTO PLC,165278,556,3.36,21,0.13,116,0.7,1,0.01,26,0.16,124,0.75,20,0.12,4,0.02,0,0.0,9,0.05,13,0.08,0,0.0,0,0.0,0,0.0,0,0.0,10,0.06
2007,RTX,UNITED TECHNOLOGIES CORP DE,15449,37,2.39,4,0.26,5,0.32,0,0.0,28,1.81,35,2.27,4,0.26,1,0.06,0,0.0,0,0.0,1,0.06,0,0.0,0,0.0,0,0.0,0,0.0,1,0.06
2007,S,SPRINT NEXTEL CORP,77437,362,4.67,8,0.1,10,0.13,0,0.0,17,0.22,80,1.03,29,0.37,0,0.0,0,0.0,3,0.04,0,0.0,0,0.0,97,1.25,0,0.0,2,0.03,14,0.18
2007,SAP,SAP AKTIENGESELLSCHAFT SYSTEMS APPLICATIONS PRODUCTS IN DATA,100429,198,1.97,11,0.11,48,0.48,0,0.0,30,0.3,167,1.66,26,0.26,5,0.05,0,0.0,14,0.14,3,0.03,0,0.0,0,0.0,0,0.0,0,0.0,15,0.15
2007,SBC,COMMUNICATIONS INC. CABCO SERIES 2004-102 TRUST,1570,0,0.0,0,0.0,0,0.0,0,0.0,4,2.55,4,2.55,0,0.0,0,0.0,0,0.0,0,0.0,0,0.0,0,0.0,0,0.0,0,0.0,0,0.0,0,0.0
2007,SCCO,SOUTHERN COPPER CORP,77402,351,4.53,4,0.05,24,0.31,0,0.0,6,0.08,48,0.62,16,0.21,1,0.01,0,0.0,0,0.0,3,0.04,0,0.0,0,0.0,0,0.0,0,0.0,7,0.09
2007,SCE-PB,SOUTHERN CALIFORNIA EDISON CO,16912,45,2.66,1,0.06,0,0.0,0,0.0,4,0.24,17,1.01,5,0.3,0,0.0,0,0.0,2,0.12,1,0.06,0,0.0,0,0.0,0,0.0,0,0.0,3,0.18
2007,SF,STIFEL FINANCIAL CORP,61170,78,1.28,1,0.02,16,0.26,0,0.0,25,0.41,125,2.04,21,0.34,6,0.1,0,0.0,1,0.02,5,0.08,0,0.0,0,0.0,0,0.0,0,0.0,18,0.29
2007,SFST,SOUTHERN FIRST BANCSHARES INC,48601,120,2.47,12,0.25,18,0.37,0,0.0,12,0.25,131,2.7,13,0.27,4,0.08,0,0.0,1,0.02,4,0.08,0,0.0,0,0.0,0,0.0,0,0.0,3,0.06
2007,SHG,SHINHAN FINANCIAL GROUP CO LTD,184691,151,0.82,18,0.1,100,0.54,0,0.0,54,0.29,601,3.25,21,0.11,17,0.09,0,0.0,3,0.02,2,0.01,0,0.0,0,0.0,0,0.0,1,0.01,27,0.15
2007,SHI,SINOPEC SHANGHAI PETROCHEMICAL CO LTD,75205,255,3.39,4,0.05,136,1.81,0,0.0,9,0.12,85,1.13,18,0.24,1,0.01,1,0.01,3,0.04,2,0.03,0,0.0,0,0.0,0,0.0,0,0.0,3,0.04
2007,SKM,SK TELECOM CO LTD,123551,151,1.22,15,0.12,19,0.15,0,0.0,24,0.19,80,0.65,24,0.19,4,0.03,0,0.0,2,0.02,4,0.03,0,0.0,0,0.0,0,0.0,0,0.0,13,0.11
2007,SLB,SCHLUMBERGER LTD NV,36039,133,3.69,5,0.14,2,0.06,0,0.0,7,0.19,41,1.14,21,0.58,1,0.03,0,0.0,0,0.0,0,0.0,0,0.0,0,0.0,0,0.0,0,0.0,6,0.17
2007,SNMP,Constellation Energy Partners LLC,76977,287,3.73,2,0.03,19,0.25,0,0.0,12,0.16,90,1.17,24,0.31,2,0.03,0,0.0,2,0.03,1,0.01,0,0.0,0,0.0,0,0.0,0,0.0,25,0.32
2007,SNY,SANOFI-AVENTIS,153143,265,1.73,3,0.02,127,0.83,0,0.0,21,0.14,218,1.42,11,0.07,8,0.05,0,0.0,0,0.0,10,0.07,0,0.0,0,0.0,0,0.0,0,0.0,7,0.05
2007,SO,SOUTHERN CO,256047,1769,6.91,34,0.13,8,0.03,0,0.0,54,0.21,157,0.61,55,0.21,33,0.13,0,0.0,14,0.05,14,0.05,0,0.0,0,0.0,0,0.0,0,0.0,44,0.17
2007,SONA,Southern National Bancorp of Virginia Inc,38066,54,1.42,5,0.13,8,0.21,0,0.0,23,0.6,109,2.86,7,0.18,3,0.08,0,0.0,0,0.0,1,0.03,0,0.0,0,0.0,0,0.0,0,0.0,4,0.11
2007,TESO,TESCO CORP,50775,153,3.01,5,0.1,9,0.18,0,0.0,7,0.14,75,1.48,41,0.81,1,0.02,0,0.0,2,0.04,0,0.0,0,0.0,0,0.0,0,0.0,0,0.0,4,0.08
2007,TEVA,TEVA PHARMACEUTICAL INDUSTRIES LTD,84223,90,1.07,4,0.05,63,0.75,0,0.0,4,0.05,72,0.85,22,0.26,3,0.04,0,0.0,0,0.0,3,0.04,0,0.0,0,0.0,0,0.0,0,0.0,4,0.05
2007,THC,TENET HEALTHCARE CORP,70723,289,4.09,7,0.1,16,0.23,0,0.0,18,0.25,45,0.64,31,0.44,0,0.0,0,0.0,2,0.03,2,0.03,0,0.0,1,0.01,0,0.0,1,0.01,21,0.3
2007,TMO,THERMO FISHER SCIENTIFIC INC.,64396,320,4.97,9,0.14,19,0.3,0,0.0,18,0.28,47,0.73,6,0.09,2,0.03,0,0.0,4,0.06,5,0.08,0,0.0,0,0.0,0,0.0,0,0.0,5,0.08
2007,TRV,"TRAVELERS COMPANIES, INC.",127925,282,2.2,9,0.07,32,0.25,0,0.0,36,0.28,399,3.12,77,0.6,8,0.06,1,0.01,3,0.02,0,0.0,0,0.0,0,0.0,0,0.0,0,0.0,26,0.2
2007,TSM,TAIWAN SEMICONDUCTOR MANUFACTURING CO LTD,77522,135,1.74,1,0.01,62,0.8,0,0.0,11,0.14,62,0.8,9,0.12,0,0.0,0,0.0,5,0.06,2,0.03,0,0.0,0,0.0,0,0.0,0,0.0,13,0.17
2007,TSO,TESORO CORP NEW,57549,224,3.89,9,0.16,6,0.1,0,0.0,15,0.26,42,0.73,13,0.23,0,0.0,0,0.0,3,0.05,0,0.0,0,0.0,0,0.0,0,0.0,0,0.0,6,0.1
2007,TXN,TEXAS INSTRUMENTS INC,12565,22,1.75,6,0.48,11,0.88,0,0.0,13,1.03,15,1.19,1,0.08,0,0.0,0,0.0,2,0.16,1,0.08,0,0.0,0,0.0,0,0.0,0,0.0,1,0.08
2007,UAL,UAL CORP DE,75139,206,2.74,3,0.04,11,0.15,0,0.0,76,1.01,58,0.77,31,0.41,0,0.0,0,0.0,3,0.04,4,0.05,0,0.0,0,0.0,0,0.0,0,0.0,13,0.17
2007,UGP,ULTRAPAR HOLDINGS INC,112463,155,1.38,23,0.2,107,0.95,0,0.0,15,0.13,87,0.77,17,0.15,3,0.03,0,0.0,4,0.04,5,0.04,0,0.0,0,0.0,0,0.0,0,0.0,12,0.11
2007,UL,UNILEVER PLC,96035,174,1.81,4,0.04,275,2.86,3,0.03,12,0.12,135,1.41,9,0.09,4,0.04,0,0.0,9,0.09,4,0.04,0,0.0,0,0.0,0,0.0,0,0.0,13,0.14
2007,UN,UNILEVER N V,96036,174,1.81,4,0.04,275,2.86,3,0.03,12,0.12,135,1.41,9,0.09,4,0.04,0,0.0,9,0.09,4,0.04,0,0.0,0,0.0,0,0.0,0,0.0,13,0.14
2007,UNH,UNITEDHEALTH GROUP INC,53413,302,5.65,9,0.17,23,0.43,0,0.0,23,0.43,121,2.27,12,0.22,8,0.15,0,0.0,5,0.09,3,0.06,0,0.0,0,0.0,0,0.0,0,0.0,5,0.09
2007,UNP,UNION PACIFIC CORP,42602,176,4.13,19,0.45,1,0.02,0,0.0,22,0.52,43,1.01,17,0.4,5,0.12,0,0.0,2,0.05,1,0.02,0,0.0,0,0.0,0,0.0,0,0.0,5,0.12
2007,UPS,UNITED PARCEL SERVICE INC,49120,132,2.69,6,0.12,45,0.92,0,0.0,12,0.24,60,1.22,18,0.37,0,0.0,0,0.0,2,0.04,0,0.0,0,0.0,0,0.0,0,0.0,0,0.0,7,0.14
2007,USA,HSBC Automotive Trust,2864,0,0.0,0,0.0,0,0.0,0,0.0,2,0.7,2,0.7,0,0.0,0,0.0,0,0.0,0,0.0,0,0.0,0,0.0,0,0.0,0,0.0,0,0.0,0,0.0
2007,USB,US BANCORP DE,6406,0,0.0,0,0.0,0,0.0,0,0.0,7,1.09,7,1.09,0,0.0,0,0.0,0,0.0,0,0.0,0,0.0,0,0.0,0,0.0,0,0.0,0,0.0,0,0.0
2007,VALE,Companhia Vale do Rio Doce,105188,288,2.74,10,0.1,44,0.42,0,0.0,21,0.2,154,1.46,19,0.18,12,0.11,0,0.0,5,0.05,6,0.06,0,0.0,0,0.0,0,0.0,0,0.0,29,0.28
2007,VC,VISTEON CORP,68533,321,4.68,15,0.22,34,0.5,0,0.0,13,0.19,71,1.04,27,0.39,7,0.1,2,0.03,7,0.1,0,0.0,0,0.0,0,0.0,0,0.0,4,0.06,6,0.09
2007,VLO,VALERO ENERGY CORPTX,57376,214,3.73,1,0.02,9,0.16,0,0.0,6,0.1,56,0.98,12,0.21,3,0.05,0,0.0,0,0.0,1,0.02,0,0.0,0,0.0,0,0.0,0,0.0,15,0.26
2007,VZ,VERIZON COMMUNICATIONS INC,12874,17,1.32,5,0.39,4,0.31,1,0.08,18,1.4,9,0.7,1,0.08,0,0.0,0,0.0,2,0.16,1,0.08,0,0.0,0,0.0,0,0.0,0,0.0,0,0.0
2007,WF,WOORI FINANCE HOLDINGS CO LTD,168954,184,1.09,12,0.07,63,0.37,0,0.0,52,0.31,740,4.38,31,0.18,11,0.07,0,0.0,5,0.03,7,0.04,0,0.0,0,0.0,0,0.0,0,0.0,20,0.12
2007,WFC,WELLS FARGO & COMN,10343,2,0.19,0,0.0,0,0.0,0,0.0,3,0.29,33,3.19,0,0.0,3,0.29,0,0.0,0,0.0,0,0.0,0,0.0,0,0.0,0,0.0,0,0.0,0,0.0
2007,WHR,WHIRLPOOL CORP DE,36143,185,5.12,4,0.11,15,0.42,0,0.0,7,0.19,41,1.13,15,0.42,1,0.03,0,0.0,0,0.0,0,0.0,0,0.0,0,0.0,0,0.0,0,0.0,5,0.14
2007,WM,WASTE MANAGEMENT INC,69657,355,5.1,3,0.04,15,0.22,0,0.0,12,0.17,57,0.82,18,0.26,0,0.0,0,0.0,1,0.01,1,0.01,0,0.0,0,0.0,0,0.0,6,0.09,0,0.0
2007,WOWI,METRO ONE TELECOMMUNICATIONS INC,27275,104,3.81,4,0.15,15,0.55,0,0.0,13,0.48,21,0.77,10,0.37,1,0.04,0,0.0,2,0.07,0,0.0,0,0.0,0,0.0,0,0.0,0,0.0,7,0.26
2007,X,UNITED STATES STEEL CORP,77440,359,4.64,4,0.05,43,0.56,0,0.0,14,0.18,67,0.87,18,0.23,0,0.0,0,0.0,4,0.05,1,0.01,0,0.0,0,0.0,0,0.0,0,0.0,14,0.18
2007,XEL,XCEL ENERGY INC,90509,751,8.3,15,0.17,3,0.03,0,0.0,28,0.31,126,1.39,25,0.28,10,0.11,1,0.01,6,0.07,3,0.03,0,0.0,0,0.0,0,0.0,0,0.0,11,0.12
2007,XOM,EXXON MOBIL CORP,49064,205,4.18,7,0.14,5,0.1,1,0.02,11,0.22,36,0.73,18,0.37,3,0.06,0,0.0,0,0.0,1,0.02,0,0.0,0,0.0,0,0.0,0,0.0,4,0.08
2007,ZIV,CREDIT SUISSE  FI,178365,279,1.56,30,0.17,51,0.29,1,0.01,27,0.15,792,4.44,18,0.1,38,0.21,0,0.0,3,0.02,10,0.06,0,0.0,0,0.0,0,0.0,13,0.07,57,0.32
2007,ZNH,CHINA SOUTHERN AIRLINES CO LTD,74984,161,2.15,5,0.07,105,1.4,0,0.0,22,0.29,66,0.88,10,0.13,0,0.0,0,0.0,2,0.03,1,0.01,0,0.0,0,0.0,0,0.0,0,0.0,0,0.0
